-- MySQL Script generated by MySQL Workbench
-- Tue May  2 00:52:45 2017
-- Model: New Model    Version: 1.0
-- MySQL Workbench Forward Engineering

SET @OLD_UNIQUE_CHECKS=@@UNIQUE_CHECKS, UNIQUE_CHECKS=0;
SET @OLD_FOREIGN_KEY_CHECKS=@@FOREIGN_KEY_CHECKS, FOREIGN_KEY_CHECKS=0;
SET @OLD_SQL_MODE=@@SQL_MODE, SQL_MODE='TRADITIONAL,ALLOW_INVALID_DATES';

-- -----------------------------------------------------
-- Schema mydb
-- -----------------------------------------------------
SHOW WARNINGS;
-- -----------------------------------------------------
-- Schema footy_db
-- -----------------------------------------------------
DROP SCHEMA IF EXISTS `footy_db` ;

-- -----------------------------------------------------
-- Schema footy_db
-- -----------------------------------------------------
CREATE SCHEMA IF NOT EXISTS `footy_db` ;
SHOW WARNINGS;
-- -----------------------------------------------------
-- Schema new_schema1
-- -----------------------------------------------------
SHOW WARNINGS;
USE `footy_db` ;

-- -----------------------------------------------------
-- Table `footy_db`.`Teams`
-- -----------------------------------------------------
DROP TABLE IF EXISTS `footy_db`.`Teams` ;

SHOW WARNINGS;
CREATE TABLE IF NOT EXISTS `footy_db`.`Teams` (
  `idTeams` INT NOT NULL AUTO_INCREMENT,
  `Name` VARCHAR(45) NULL,
  `P` INT NULL,
  `W` INT NULL,
  `D` INT NULL,
  `L` INT NULL,
  `GS` INT NULL,
  `GA` INT NULL,
  `GD` INT NULL,
  `PTS` INT NULL,
  PRIMARY KEY (`idTeams`))
ENGINE = InnoDB;

SHOW WARNINGS;

-- -----------------------------------------------------
-- Table `footy_db`.`Players`
-- -----------------------------------------------------
DROP TABLE IF EXISTS `footy_db`.`Players` ;

SHOW WARNINGS;
CREATE TABLE IF NOT EXISTS `footy_db`.`Players` (
  `idPlayers` INT NOT NULL AUTO_INCREMENT,
  `idTeams` INT NULL,
  `Pos` VARCHAR(4) NULL,
  `Name` VARCHAR(45) NULL,
  `App` INT NULL,
  `GS` INT NULL,
  `Assists` INT NULL,
  `CS` INT NULL,
  `YC` INT NULL,
  `RC` INT NULL,
  PRIMARY KEY (`idPlayers`))
ENGINE = InnoDB;

SHOW WARNINGS;

-- -----------------------------------------------------
-- Table `footy_db`.`Season`
-- -----------------------------------------------------
DROP TABLE IF EXISTS `footy_db`.`Season` ;

SHOW WARNINGS;
CREATE TABLE IF NOT EXISTS `footy_db`.`Season` (
  `idUnique` INT(3) NOT NULL AUTO_INCREMENT,
  `idSeason` INT(2) NULL,
  `Date` VARCHAR(45) NULL,
  `Team_1` VARCHAR(45) NULL,
  `Team_2` VARCHAR(45) NULL,
  `Score` VARCHAR(5) NULL,
  `Winner` VARCHAR(45) NULL,
  `Groups` INT NULL,
  PRIMARY KEY (`idUnique`))
ENGINE = InnoDB;

SHOW WARNINGS;

SET SQL_MODE=@OLD_SQL_MODE;
SET FOREIGN_KEY_CHECKS=@OLD_FOREIGN_KEY_CHECKS;
SET UNIQUE_CHECKS=@OLD_UNIQUE_CHECKS;

-- -----------------------------------------------------
-- Data for table `footy_db`.`Teams`
-- -----------------------------------------------------
START TRANSACTION;
USE `footy_db`;
INSERT INTO `footy_db`.`Teams` (`idTeams`, `Name`, `P`, `W`, `D`, `L`, `GS`, `GA`, `GD`, `PTS`) VALUES (1, 'Barcelona', 3, 2, 0, 1, 6, 2, 4, 6);
INSERT INTO `footy_db`.`Teams` (`idTeams`, `Name`, `P`, `W`, `D`, `L`, `GS`, `GA`, `GD`, `PTS`) VALUES (2, 'Porto', 3, 2, 0, 1, 6, 5, 1, 6);
INSERT INTO `footy_db`.`Teams` (`idTeams`, `Name`, `P`, `W`, `D`, `L`, `GS`, `GA`, `GD`, `PTS`) VALUES (3, 'LA Galaxy', 3, 1, 0, 2, 2, 4, -2, 3);
INSERT INTO `footy_db`.`Teams` (`idTeams`, `Name`, `P`, `W`, `D`, `L`, `GS`, `GA`, `GD`, `PTS`) VALUES (4, 'PSG', 3, 1, 0, 2, 3, 6, -3, 3);
INSERT INTO `footy_db`.`Teams` (`idTeams`, `Name`, `P`, `W`, `D`, `L`, `GS`, `GA`, `GD`, `PTS`) VALUES (5, 'Ajax', 3, 2, 0, 1, 8, 5, 3, 6);
INSERT INTO `footy_db`.`Teams` (`idTeams`, `Name`, `P`, `W`, `D`, `L`, `GS`, `GA`, `GD`, `PTS`) VALUES (6, 'Juventus', 3, 1, 1, 1, 5, 6, -1, 4);
INSERT INTO `footy_db`.`Teams` (`idTeams`, `Name`, `P`, `W`, `D`, `L`, `GS`, `GA`, `GD`, `PTS`) VALUES (7, 'Chelsea', 3, 1, 1, 1, 2, 3, -1, 4);
INSERT INTO `footy_db`.`Teams` (`idTeams`, `Name`, `P`, `W`, `D`, `L`, `GS`, `GA`, `GD`, `PTS`) VALUES (8, 'Real Madrid', 3, 1, 0, 2, 7, 8, -1, 3);
INSERT INTO `footy_db`.`Teams` (`idTeams`, `Name`, `P`, `W`, `D`, `L`, `GS`, `GA`, `GD`, `PTS`) VALUES (9, 'Borussa Dortmund', 3, 2, 0, 1, 11, 2, 9, 6);
INSERT INTO `footy_db`.`Teams` (`idTeams`, `Name`, `P`, `W`, `D`, `L`, `GS`, `GA`, `GD`, `PTS`) VALUES (10, 'Feyenoord', 3, 2, 0, 1, 6, 7, -1, 6);
INSERT INTO `footy_db`.`Teams` (`idTeams`, `Name`, `P`, `W`, `D`, `L`, `GS`, `GA`, `GD`, `PTS`) VALUES (11, 'Bayern Munich', 3, 1, 0, 2, 3, 6, -3, 3);
INSERT INTO `footy_db`.`Teams` (`idTeams`, `Name`, `P`, `W`, `D`, `L`, `GS`, `GA`, `GD`, `PTS`) VALUES (12, 'AC Milan', 3, 1, 0, 2, 3, 8, -5, 3);
INSERT INTO `footy_db`.`Teams` (`idTeams`, `Name`, `P`, `W`, `D`, `L`, `GS`, `GA`, `GD`, `PTS`) VALUES (13, 'Arsenal', 3, 3, 0, 0, 8, 1, 7, 9);
INSERT INTO `footy_db`.`Teams` (`idTeams`, `Name`, `P`, `W`, `D`, `L`, `GS`, `GA`, `GD`, `PTS`) VALUES (14, 'AS Monaco', 3, 2, 0, 1, 6, 7, -1, 6);
INSERT INTO `footy_db`.`Teams` (`idTeams`, `Name`, `P`, `W`, `D`, `L`, `GS`, `GA`, `GD`, `PTS`) VALUES (15, 'Benefica', 3, 0, 1, 2, 1, 3, -2, 1);
INSERT INTO `footy_db`.`Teams` (`idTeams`, `Name`, `P`, `W`, `D`, `L`, `GS`, `GA`, `GD`, `PTS`) VALUES (16, 'Colorado Rapids', 3, 0, 1, 2, 1, 5, -4, 1);

COMMIT;


-- -----------------------------------------------------
-- Data for table `footy_db`.`Players`
-- -----------------------------------------------------
START TRANSACTION;
USE `footy_db`;
INSERT INTO `footy_db`.`Players` (`idPlayers`, `idTeams`, `Pos`, `Name`, `App`, `GS`, `Assists`, `CS`, `YC`, `RC`) VALUES (1, 1, 'GK', 'Ter Stegen', 4, 0, 0, 1, 0, 0);
INSERT INTO `footy_db`.`Players` (`idPlayers`, `idTeams`, `Pos`, `Name`, `App`, `GS`, `Assists`, `CS`, `YC`, `RC`) VALUES (2, 1, 'ST', 'Luis Suarez', 4, 2, 1, 1, 0, 0);
INSERT INTO `footy_db`.`Players` (`idPlayers`, `idTeams`, `Pos`, `Name`, `App`, `GS`, `Assists`, `CS`, `YC`, `RC`) VALUES (3, 1, 'ST', 'Munir', 1, 1, 0, 0, 0, 0);
INSERT INTO `footy_db`.`Players` (`idPlayers`, `idTeams`, `Pos`, `Name`, `App`, `GS`, `Assists`, `CS`, `YC`, `RC`) VALUES (4, 1, 'RW', 'Lionel Messi', 4, 2, 1, 0, 0, 0);
INSERT INTO `footy_db`.`Players` (`idPlayers`, `idTeams`, `Pos`, `Name`, `App`, `GS`, `Assists`, `CS`, `YC`, `RC`) VALUES (5, 1, 'LW', 'Neymar', 4, 0, 1, 1, 0, 0);
INSERT INTO `footy_db`.`Players` (`idPlayers`, `idTeams`, `Pos`, `Name`, `App`, `GS`, `Assists`, `CS`, `YC`, `RC`) VALUES (6, 1, 'CM', 'Iniesta', 4, 1, 1, 0, 0, 0);
INSERT INTO `footy_db`.`Players` (`idPlayers`, `idTeams`, `Pos`, `Name`, `App`, `GS`, `Assists`, `CS`, `YC`, `RC`) VALUES (7, 1, 'CM', 'Turan', 1, 0, 0, 0, 0, 0);
INSERT INTO `footy_db`.`Players` (`idPlayers`, `idTeams`, `Pos`, `Name`, `App`, `GS`, `Assists`, `CS`, `YC`, `RC`) VALUES (8, 1, 'CM', 'Rakitic', 4, 1, 0, 1, 0, 0);
INSERT INTO `footy_db`.`Players` (`idPlayers`, `idTeams`, `Pos`, `Name`, `App`, `GS`, `Assists`, `CS`, `YC`, `RC`) VALUES (9, 1, 'CM', 'Sergi Roberto', 4, 0, 0, 1, 0, 0);
INSERT INTO `footy_db`.`Players` (`idPlayers`, `idTeams`, `Pos`, `Name`, `App`, `GS`, `Assists`, `CS`, `YC`, `RC`) VALUES (10, 1, 'CDM', 'Busquets', 3, 1, 2, 1, 0, 0);
INSERT INTO `footy_db`.`Players` (`idPlayers`, `idTeams`, `Pos`, `Name`, `App`, `GS`, `Assists`, `CS`, `YC`, `RC`) VALUES (11, 1, 'LB', 'Jordi Alba', 4, 0, 0, 1, 0, 0);
INSERT INTO `footy_db`.`Players` (`idPlayers`, `idTeams`, `Pos`, `Name`, `App`, `GS`, `Assists`, `CS`, `YC`, `RC`) VALUES (12, 1, 'CB', 'Mascherano', 4, 0, 0, 1, 0, 0);
INSERT INTO `footy_db`.`Players` (`idPlayers`, `idTeams`, `Pos`, `Name`, `App`, `GS`, `Assists`, `CS`, `YC`, `RC`) VALUES (13, 1, 'CB', 'Pique', 4, 0, 0, 1, 0, 0);
INSERT INTO `footy_db`.`Players` (`idPlayers`, `idTeams`, `Pos`, `Name`, `App`, `GS`, `Assists`, `CS`, `YC`, `RC`) VALUES (14, 1, 'CB', 'Umtiti', 1, 0, 0, 0, 0, 0);
INSERT INTO `footy_db`.`Players` (`idPlayers`, `idTeams`, `Pos`, `Name`, `App`, `GS`, `Assists`, `CS`, `YC`, `RC`) VALUES (15, 2, 'GK', 'Iker Casillas', 4, 0, 0, 0, 0, 0);
INSERT INTO `footy_db`.`Players` (`idPlayers`, `idTeams`, `Pos`, `Name`, `App`, `GS`, `Assists`, `CS`, `YC`, `RC`) VALUES (16, 2, 'ST', 'Adrian', 1, 0, 0, 0, 0, 0);
INSERT INTO `footy_db`.`Players` (`idPlayers`, `idTeams`, `Pos`, `Name`, `App`, `GS`, `Assists`, `CS`, `YC`, `RC`) VALUES (17, 2, 'ST', 'Andre Silva', 3, 1, 1, 0, 0, 0);
INSERT INTO `footy_db`.`Players` (`idPlayers`, `idTeams`, `Pos`, `Name`, `App`, `GS`, `Assists`, `CS`, `YC`, `RC`) VALUES (18, 2, 'RW', 'Corona', 4, 0, 0, 0, 0, 0);
INSERT INTO `footy_db`.`Players` (`idPlayers`, `idTeams`, `Pos`, `Name`, `App`, `GS`, `Assists`, `CS`, `YC`, `RC`) VALUES (19, 2, 'LW', 'Varela', 1, 0, 0, 0, 0, 0);
INSERT INTO `footy_db`.`Players` (`idPlayers`, `idTeams`, `Pos`, `Name`, `App`, `GS`, `Assists`, `CS`, `YC`, `RC`) VALUES (20, 2, 'LW', 'Brahimi', 1, 1, 0, 0, 0, 0);
INSERT INTO `footy_db`.`Players` (`idPlayers`, `idTeams`, `Pos`, `Name`, `App`, `GS`, `Assists`, `CS`, `YC`, `RC`) VALUES (21, 2, 'LW', 'Otavio', 3, 1, 0, 0, 0, 0);
INSERT INTO `footy_db`.`Players` (`idPlayers`, `idTeams`, `Pos`, `Name`, `App`, `GS`, `Assists`, `CS`, `YC`, `RC`) VALUES (22, 2, 'CM ', 'Hector Herrera', 4, 2, 2, 0, 0, 0);
INSERT INTO `footy_db`.`Players` (`idPlayers`, `idTeams`, `Pos`, `Name`, `App`, `GS`, `Assists`, `CS`, `YC`, `RC`) VALUES (23, 2, 'CDM ', 'Danilo Perriera', 4, 0, 0, 0, 0, 0);
INSERT INTO `footy_db`.`Players` (`idPlayers`, `idTeams`, `Pos`, `Name`, `App`, `GS`, `Assists`, `CS`, `YC`, `RC`) VALUES (24, 2, 'CDM', 'Neues', 1, 0, 0, 0, 0, 0);
INSERT INTO `footy_db`.`Players` (`idPlayers`, `idTeams`, `Pos`, `Name`, `App`, `GS`, `Assists`, `CS`, `YC`, `RC`) VALUES (25, 2, 'RB', 'Pereria', 4, 1, 1, 0, 0, 0);
INSERT INTO `footy_db`.`Players` (`idPlayers`, `idTeams`, `Pos`, `Name`, `App`, `GS`, `Assists`, `CS`, `YC`, `RC`) VALUES (26, 2, 'LB', 'Miquel', 4, 0, 0, 0, 0, 0);
INSERT INTO `footy_db`.`Players` (`idPlayers`, `idTeams`, `Pos`, `Name`, `App`, `GS`, `Assists`, `CS`, `YC`, `RC`) VALUES (27, 2, 'LB', 'Alex', 1, 0, 0, 0, 0, 0);
INSERT INTO `footy_db`.`Players` (`idPlayers`, `idTeams`, `Pos`, `Name`, `App`, `GS`, `Assists`, `CS`, `YC`, `RC`) VALUES (28, 2, 'CB', 'Indi', 1, 0, 0, 0, 0, 0);
INSERT INTO `footy_db`.`Players` (`idPlayers`, `idTeams`, `Pos`, `Name`, `App`, `GS`, `Assists`, `CS`, `YC`, `RC`) VALUES (29, 2, 'CB', 'Felipe', 3, 0, 0, 0, 0, 0);
INSERT INTO `footy_db`.`Players` (`idPlayers`, `idTeams`, `Pos`, `Name`, `App`, `GS`, `Assists`, `CS`, `YC`, `RC`) VALUES (30, 3, 'GK', 'Rowe', 3, 0, 0, 0, 0, 0);
INSERT INTO `footy_db`.`Players` (`idPlayers`, `idTeams`, `Pos`, `Name`, `App`, `GS`, `Assists`, `CS`, `YC`, `RC`) VALUES (31, 3, 'ST', 'Robbie Keane', 2, 0, 0, 1, 0, 0);
INSERT INTO `footy_db`.`Players` (`idPlayers`, `idTeams`, `Pos`, `Name`, `App`, `GS`, `Assists`, `CS`, `YC`, `RC`) VALUES (32, 3, 'ST', 'Magee', 1, 0, 0, 0, 0, 0);
INSERT INTO `footy_db`.`Players` (`idPlayers`, `idTeams`, `Pos`, `Name`, `App`, `GS`, `Assists`, `CS`, `YC`, `RC`) VALUES (33, 3, 'ST', 'Dos Santos', 3, 0, 1, 1, 0, 0);
INSERT INTO `footy_db`.`Players` (`idPlayers`, `idTeams`, `Pos`, `Name`, `App`, `GS`, `Assists`, `CS`, `YC`, `RC`) VALUES (34, 3, 'ST', 'Zardes', 3, 0, 0, 1, 0, 0);
INSERT INTO `footy_db`.`Players` (`idPlayers`, `idTeams`, `Pos`, `Name`, `App`, `GS`, `Assists`, `CS`, `YC`, `RC`) VALUES (35, 3, 'ST', 'Jamieson', 1, 0, 0, 0, 0, 0);
INSERT INTO `footy_db`.`Players` (`idPlayers`, `idTeams`, `Pos`, `Name`, `App`, `GS`, `Assists`, `CS`, `YC`, `RC`) VALUES (36, 3, 'LM', 'Lletget', 3, 0, 0, 0, 0, 0);
INSERT INTO `footy_db`.`Players` (`idPlayers`, `idTeams`, `Pos`, `Name`, `App`, `GS`, `Assists`, `CS`, `YC`, `RC`) VALUES (37, 3, 'CM', 'Steven Gerrad', 1, 0, 0, 0, 0, 0);
INSERT INTO `footy_db`.`Players` (`idPlayers`, `idTeams`, `Pos`, `Name`, `App`, `GS`, `Assists`, `CS`, `YC`, `RC`) VALUES (38, 3, 'CDM', 'De Jong', 3, 1, 0, 1, 0, 0);
INSERT INTO `footy_db`.`Players` (`idPlayers`, `idTeams`, `Pos`, `Name`, `App`, `GS`, `Assists`, `CS`, `YC`, `RC`) VALUES (39, 3, 'CDM', 'Jeff Lawrence', 3, 0, 0, 1, 0, 0);
INSERT INTO `footy_db`.`Players` (`idPlayers`, `idTeams`, `Pos`, `Name`, `App`, `GS`, `Assists`, `CS`, `YC`, `RC`) VALUES (40, 3, 'RB', 'Rogers', 3, 1, 0, 1, 0, 0);
INSERT INTO `footy_db`.`Players` (`idPlayers`, `idTeams`, `Pos`, `Name`, `App`, `GS`, `Assists`, `CS`, `YC`, `RC`) VALUES (41, 3, 'LB', 'Ashley Cole aka snake', 3, 0, 0, 1, 0, 0);
INSERT INTO `footy_db`.`Players` (`idPlayers`, `idTeams`, `Pos`, `Name`, `App`, `GS`, `Assists`, `CS`, `YC`, `RC`) VALUES (42, 3, 'CB', 'Van Damme', 3, 0, 0, 1, 0, 0);
INSERT INTO `footy_db`.`Players` (`idPlayers`, `idTeams`, `Pos`, `Name`, `App`, `GS`, `Assists`, `CS`, `YC`, `RC`) VALUES (43, 3, 'CB', 'Steres', 3, 0, 0, 1, 0, 0);
INSERT INTO `footy_db`.`Players` (`idPlayers`, `idTeams`, `Pos`, `Name`, `App`, `GS`, `Assists`, `CS`, `YC`, `RC`) VALUES (44, 4, 'GK', 'Trapp', 3, 0, 0, 1, 0, 0);
INSERT INTO `footy_db`.`Players` (`idPlayers`, `idTeams`, `Pos`, `Name`, `App`, `GS`, `Assists`, `CS`, `YC`, `RC`) VALUES (45, 4, 'ST', 'Cavani', 3, 3, 1, 1, 0, 0);
INSERT INTO `footy_db`.`Players` (`idPlayers`, `idTeams`, `Pos`, `Name`, `App`, `GS`, `Assists`, `CS`, `YC`, `RC`) VALUES (46, 4, 'RW', 'Di Maria', 1, 1, 0, 0, 0, 0);
INSERT INTO `footy_db`.`Players` (`idPlayers`, `idTeams`, `Pos`, `Name`, `App`, `GS`, `Assists`, `CS`, `YC`, `RC`) VALUES (47, 4, 'RW', 'Lucas', 3, 0, 0, 1, 0, 0);
INSERT INTO `footy_db`.`Players` (`idPlayers`, `idTeams`, `Pos`, `Name`, `App`, `GS`, `Assists`, `CS`, `YC`, `RC`) VALUES (48, 4, 'LW', 'Jesse', 1, 0, 0, 0, 0, 0);
INSERT INTO `footy_db`.`Players` (`idPlayers`, `idTeams`, `Pos`, `Name`, `App`, `GS`, `Assists`, `CS`, `YC`, `RC`) VALUES (49, 4, 'CM', 'Pastore', 3, 0, 0, 1, 0, 0);
INSERT INTO `footy_db`.`Players` (`idPlayers`, `idTeams`, `Pos`, `Name`, `App`, `GS`, `Assists`, `CS`, `YC`, `RC`) VALUES (50, 4, 'CM', 'Verratti', 3, 0, 0, 1, 0, 0);
INSERT INTO `footy_db`.`Players` (`idPlayers`, `idTeams`, `Pos`, `Name`, `App`, `GS`, `Assists`, `CS`, `YC`, `RC`) VALUES (51, 4, 'CM', 'Rabiot', 3, 0, 0, 1, 0, 0);
INSERT INTO `footy_db`.`Players` (`idPlayers`, `idTeams`, `Pos`, `Name`, `App`, `GS`, `Assists`, `CS`, `YC`, `RC`) VALUES (52, 4, 'CDM ', 'Matuidi', 2, 0, 0, 1, 0, 0);
INSERT INTO `footy_db`.`Players` (`idPlayers`, `idTeams`, `Pos`, `Name`, `App`, `GS`, `Assists`, `CS`, `YC`, `RC`) VALUES (53, 4, 'CAM', 'Ben Arfa', 3, 0, 0, 1, 0, 0);
INSERT INTO `footy_db`.`Players` (`idPlayers`, `idTeams`, `Pos`, `Name`, `App`, `GS`, `Assists`, `CS`, `YC`, `RC`) VALUES (54, 4, 'RB', 'Aurier', 3, 0, 0, 1, 0, 0);
INSERT INTO `footy_db`.`Players` (`idPlayers`, `idTeams`, `Pos`, `Name`, `App`, `GS`, `Assists`, `CS`, `YC`, `RC`) VALUES (55, 4, 'RB', 'Meuner', 3, 0, 0, 1, 0, 0);
INSERT INTO `footy_db`.`Players` (`idPlayers`, `idTeams`, `Pos`, `Name`, `App`, `GS`, `Assists`, `CS`, `YC`, `RC`) VALUES (56, 4, 'LB', 'Maxwell', 3, 0, 0, 1, 0, 0);
INSERT INTO `footy_db`.`Players` (`idPlayers`, `idTeams`, `Pos`, `Name`, `App`, `GS`, `Assists`, `CS`, `YC`, `RC`) VALUES (57, 4, 'LB', 'Kurzawa', 3, 0, 0, 1, 0, 1);
INSERT INTO `footy_db`.`Players` (`idPlayers`, `idTeams`, `Pos`, `Name`, `App`, `GS`, `Assists`, `CS`, `YC`, `RC`) VALUES (58, 4, 'CB', 'Thiago Silva', 3, 0, 0, 1, 1, 0);
INSERT INTO `footy_db`.`Players` (`idPlayers`, `idTeams`, `Pos`, `Name`, `App`, `GS`, `Assists`, `CS`, `YC`, `RC`) VALUES (59, 4, 'CB', 'David Luiz', 3, 0, 0, 1, 0, 0);
INSERT INTO `footy_db`.`Players` (`idPlayers`, `idTeams`, `Pos`, `Name`, `App`, `GS`, `Assists`, `CS`, `YC`, `RC`) VALUES (60, 5, 'GK', 'Cillessen', 4, 0, 0, 0, 0, 0);
INSERT INTO `footy_db`.`Players` (`idPlayers`, `idTeams`, `Pos`, `Name`, `App`, `GS`, `Assists`, `CS`, `YC`, `RC`) VALUES (61, 5, 'ST', 'Traore', 4, 2, 1, 0, 0, 0);
INSERT INTO `footy_db`.`Players` (`idPlayers`, `idTeams`, `Pos`, `Name`, `App`, `GS`, `Assists`, `CS`, `YC`, `RC`) VALUES (62, 5, 'RW', 'El Ghazi', 4, 2, 0, 0, 0, 0);
INSERT INTO `footy_db`.`Players` (`idPlayers`, `idTeams`, `Pos`, `Name`, `App`, `GS`, `Assists`, `CS`, `YC`, `RC`) VALUES (63, 5, 'LW', 'Younes', 4, 0, 0, 0, 0, 0);
INSERT INTO `footy_db`.`Players` (`idPlayers`, `idTeams`, `Pos`, `Name`, `App`, `GS`, `Assists`, `CS`, `YC`, `RC`) VALUES (64, 5, 'CM', 'Boer', 4, 0, 0, 0, 1, 0);
INSERT INTO `footy_db`.`Players` (`idPlayers`, `idTeams`, `Pos`, `Name`, `App`, `GS`, `Assists`, `CS`, `YC`, `RC`) VALUES (65, 5, 'CDM ', 'Gudlej', 4, 0, 2, 0, 0, 0);
INSERT INTO `footy_db`.`Players` (`idPlayers`, `idTeams`, `Pos`, `Name`, `App`, `GS`, `Assists`, `CS`, `YC`, `RC`) VALUES (66, 5, 'CAM', 'Klassen', 4, 2, 0, 0, 0, 0);
INSERT INTO `footy_db`.`Players` (`idPlayers`, `idTeams`, `Pos`, `Name`, `App`, `GS`, `Assists`, `CS`, `YC`, `RC`) VALUES (67, 5, 'RB', 'Tete', 4, 0, 1, 0, 0, 0);
INSERT INTO `footy_db`.`Players` (`idPlayers`, `idTeams`, `Pos`, `Name`, `App`, `GS`, `Assists`, `CS`, `YC`, `RC`) VALUES (68, 5, 'LB', 'Dijks', 4, 0, 0, 0, 1, 0);
INSERT INTO `footy_db`.`Players` (`idPlayers`, `idTeams`, `Pos`, `Name`, `App`, `GS`, `Assists`, `CS`, `YC`, `RC`) VALUES (69, 5, 'CB', 'Vetman', 4, 0, 0, 0, 0, 0);
INSERT INTO `footy_db`.`Players` (`idPlayers`, `idTeams`, `Pos`, `Name`, `App`, `GS`, `Assists`, `CS`, `YC`, `RC`) VALUES (70, 5, 'CB', 'Riederwald', 4, 2, 0, 0, 0, 1);
INSERT INTO `footy_db`.`Players` (`idPlayers`, `idTeams`, `Pos`, `Name`, `App`, `GS`, `Assists`, `CS`, `YC`, `RC`) VALUES (71, 6, 'GK', 'Buffon', 6, 0, 0, 2, 0, 0);
INSERT INTO `footy_db`.`Players` (`idPlayers`, `idTeams`, `Pos`, `Name`, `App`, `GS`, `Assists`, `CS`, `YC`, `RC`) VALUES (72, 6, 'ST', 'Higuain', 6, 4, 1, 1, 1, 0);
INSERT INTO `footy_db`.`Players` (`idPlayers`, `idTeams`, `Pos`, `Name`, `App`, `GS`, `Assists`, `CS`, `YC`, `RC`) VALUES (73, 6, 'ST', 'Dybala', 6, 4, 4, 1, 1, 0);
INSERT INTO `footy_db`.`Players` (`idPlayers`, `idTeams`, `Pos`, `Name`, `App`, `GS`, `Assists`, `CS`, `YC`, `RC`) VALUES (74, 6, 'CM', 'Marchiso', 6, 0, 2, 1, 0, 0);
INSERT INTO `footy_db`.`Players` (`idPlayers`, `idTeams`, `Pos`, `Name`, `App`, `GS`, `Assists`, `CS`, `YC`, `RC`) VALUES (75, 6, 'CM', 'Khedira', 6, 2, 1, 1, 0, 0);
INSERT INTO `footy_db`.`Players` (`idPlayers`, `idTeams`, `Pos`, `Name`, `App`, `GS`, `Assists`, `CS`, `YC`, `RC`) VALUES (76, 6, 'CM', 'Pjanic', 6, 0, 1, 1, 0, 0);
INSERT INTO `footy_db`.`Players` (`idPlayers`, `idTeams`, `Pos`, `Name`, `App`, `GS`, `Assists`, `CS`, `YC`, `RC`) VALUES (77, 6, 'RB', 'Dani Alves', 6, 0, 1, 1, 0, 0);
INSERT INTO `footy_db`.`Players` (`idPlayers`, `idTeams`, `Pos`, `Name`, `App`, `GS`, `Assists`, `CS`, `YC`, `RC`) VALUES (78, 6, 'LB', 'Sandro', 6, 0, 0, 2, 1, 0);
INSERT INTO `footy_db`.`Players` (`idPlayers`, `idTeams`, `Pos`, `Name`, `App`, `GS`, `Assists`, `CS`, `YC`, `RC`) VALUES (79, 6, 'CB', 'Barzagli', 6, 0, 0, 2, 0, 0);
INSERT INTO `footy_db`.`Players` (`idPlayers`, `idTeams`, `Pos`, `Name`, `App`, `GS`, `Assists`, `CS`, `YC`, `RC`) VALUES (80, 6, 'CB', 'Chiellini', 4, 0, 0, 2, 0, 1);
INSERT INTO `footy_db`.`Players` (`idPlayers`, `idTeams`, `Pos`, `Name`, `App`, `GS`, `Assists`, `CS`, `YC`, `RC`) VALUES (81, 6, 'CB', 'Bonucci', 6, 1, 0, 2, 0, 0);
INSERT INTO `footy_db`.`Players` (`idPlayers`, `idTeams`, `Pos`, `Name`, `App`, `GS`, `Assists`, `CS`, `YC`, `RC`) VALUES (82, 6, 'CB', 'Benatia', 1, 0, 0, 0, 0, 0);
INSERT INTO `footy_db`.`Players` (`idPlayers`, `idTeams`, `Pos`, `Name`, `App`, `GS`, `Assists`, `CS`, `YC`, `RC`) VALUES (83, 6, 'CB', 'Blanco', 1, 0, 0, 0, 0, 0);
INSERT INTO `footy_db`.`Players` (`idPlayers`, `idTeams`, `Pos`, `Name`, `App`, `GS`, `Assists`, `CS`, `YC`, `RC`) VALUES (84, 7, 'GK', 'Courtois', 3, 0, 0, 1, 0, 0);
INSERT INTO `footy_db`.`Players` (`idPlayers`, `idTeams`, `Pos`, `Name`, `App`, `GS`, `Assists`, `CS`, `YC`, `RC`) VALUES (85, 7, 'ST', 'Costa', 2, 0, 0, 0, 0, 0);
INSERT INTO `footy_db`.`Players` (`idPlayers`, `idTeams`, `Pos`, `Name`, `App`, `GS`, `Assists`, `CS`, `YC`, `RC`) VALUES (86, 7, 'ST', 'Solanke', 1, 0, 1, 0, 0, 0);
INSERT INTO `footy_db`.`Players` (`idPlayers`, `idTeams`, `Pos`, `Name`, `App`, `GS`, `Assists`, `CS`, `YC`, `RC`) VALUES (87, 7, 'RM', 'Willain', 2, 0, 1, 1, 0, 1);
INSERT INTO `footy_db`.`Players` (`idPlayers`, `idTeams`, `Pos`, `Name`, `App`, `GS`, `Assists`, `CS`, `YC`, `RC`) VALUES (88, 7, 'RM', 'Cuadrado', 1, 0, 0, 0, 0, 0);
INSERT INTO `footy_db`.`Players` (`idPlayers`, `idTeams`, `Pos`, `Name`, `App`, `GS`, `Assists`, `CS`, `YC`, `RC`) VALUES (89, 7, 'LM', 'Hazard', 3, 1, 0, 1, 0, 0);
INSERT INTO `footy_db`.`Players` (`idPlayers`, `idTeams`, `Pos`, `Name`, `App`, `GS`, `Assists`, `CS`, `YC`, `RC`) VALUES (90, 7, 'CM', 'Fabregas aka snake', 3, 0, 0, 1, 0, 0);
INSERT INTO `footy_db`.`Players` (`idPlayers`, `idTeams`, `Pos`, `Name`, `App`, `GS`, `Assists`, `CS`, `YC`, `RC`) VALUES (91, 7, 'CM', 'Kante', 3, 0, 0, 1, 1, 0);
INSERT INTO `footy_db`.`Players` (`idPlayers`, `idTeams`, `Pos`, `Name`, `App`, `GS`, `Assists`, `CS`, `YC`, `RC`) VALUES (92, 7, 'CDM ', 'Matic', 3, 1, 0, 1, 1, 0);
INSERT INTO `footy_db`.`Players` (`idPlayers`, `idTeams`, `Pos`, `Name`, `App`, `GS`, `Assists`, `CS`, `YC`, `RC`) VALUES (93, 7, 'RB', 'Ivanovic', 3, 0, 0, 1, 0, 0);
INSERT INTO `footy_db`.`Players` (`idPlayers`, `idTeams`, `Pos`, `Name`, `App`, `GS`, `Assists`, `CS`, `YC`, `RC`) VALUES (94, 7, 'LB', 'Azpilicueta', 3, 0, 0, 1, 0, 0);
INSERT INTO `footy_db`.`Players` (`idPlayers`, `idTeams`, `Pos`, `Name`, `App`, `GS`, `Assists`, `CS`, `YC`, `RC`) VALUES (95, 7, 'CB', 'John Terry', 3, 0, 0, 1, 1, 0);
INSERT INTO `footy_db`.`Players` (`idPlayers`, `idTeams`, `Pos`, `Name`, `App`, `GS`, `Assists`, `CS`, `YC`, `RC`) VALUES (96, 7, 'CB', 'Gary Cahill', 3, 0, 0, 1, 1, 0);
INSERT INTO `footy_db`.`Players` (`idPlayers`, `idTeams`, `Pos`, `Name`, `App`, `GS`, `Assists`, `CS`, `YC`, `RC`) VALUES (97, 8, 'GK', 'Navas', 3, 0, 1, 1, 0, 0);
INSERT INTO `footy_db`.`Players` (`idPlayers`, `idTeams`, `Pos`, `Name`, `App`, `GS`, `Assists`, `CS`, `YC`, `RC`) VALUES (98, 8, 'ST', 'Benzema', 2, 3, 1, 1, 0, 0);
INSERT INTO `footy_db`.`Players` (`idPlayers`, `idTeams`, `Pos`, `Name`, `App`, `GS`, `Assists`, `CS`, `YC`, `RC`) VALUES (99, 8, 'ST', 'De Tomas', 1, 0, 0, 0, 0, 0);
INSERT INTO `footy_db`.`Players` (`idPlayers`, `idTeams`, `Pos`, `Name`, `App`, `GS`, `Assists`, `CS`, `YC`, `RC`) VALUES (100, 8, 'RW', 'Bale', 3, 1, 2, 1, 0, 0);
INSERT INTO `footy_db`.`Players` (`idPlayers`, `idTeams`, `Pos`, `Name`, `App`, `GS`, `Assists`, `CS`, `YC`, `RC`) VALUES (101, 8, 'LW', 'Ronaldo', 3, 1, 0, 1, 0, 0);
INSERT INTO `footy_db`.`Players` (`idPlayers`, `idTeams`, `Pos`, `Name`, `App`, `GS`, `Assists`, `CS`, `YC`, `RC`) VALUES (102, 8, 'CM', 'Modric', 3, 0, 0, 1, 0, 0);
INSERT INTO `footy_db`.`Players` (`idPlayers`, `idTeams`, `Pos`, `Name`, `App`, `GS`, `Assists`, `CS`, `YC`, `RC`) VALUES (103, 8, 'CM', 'Kroos', 3, 1, 0, 1, 0, 0);
INSERT INTO `footy_db`.`Players` (`idPlayers`, `idTeams`, `Pos`, `Name`, `App`, `GS`, `Assists`, `CS`, `YC`, `RC`) VALUES (104, 8, 'CAM', 'James', 3, 1, 2, 1, 0, 0);
INSERT INTO `footy_db`.`Players` (`idPlayers`, `idTeams`, `Pos`, `Name`, `App`, `GS`, `Assists`, `CS`, `YC`, `RC`) VALUES (105, 8, 'RB', 'Carvajal', 3, 0, 1, 1, 0, 0);
INSERT INTO `footy_db`.`Players` (`idPlayers`, `idTeams`, `Pos`, `Name`, `App`, `GS`, `Assists`, `CS`, `YC`, `RC`) VALUES (106, 8, 'LB', 'Marcelo', 3, 0, 0, 1, 0, 0);
INSERT INTO `footy_db`.`Players` (`idPlayers`, `idTeams`, `Pos`, `Name`, `App`, `GS`, `Assists`, `CS`, `YC`, `RC`) VALUES (107, 8, 'CB', 'Pepe', 3, 0, 0, 1, 1, 0);
INSERT INTO `footy_db`.`Players` (`idPlayers`, `idTeams`, `Pos`, `Name`, `App`, `GS`, `Assists`, `CS`, `YC`, `RC`) VALUES (108, 8, 'CB', 'Ramos', 3, 0, 0, 1, 0, 0);
INSERT INTO `footy_db`.`Players` (`idPlayers`, `idTeams`, `Pos`, `Name`, `App`, `GS`, `Assists`, `CS`, `YC`, `RC`) VALUES (109, 9, 'GK', 'Burki', 6, 1, 0, 3, 0, 0);
INSERT INTO `footy_db`.`Players` (`idPlayers`, `idTeams`, `Pos`, `Name`, `App`, `GS`, `Assists`, `CS`, `YC`, `RC`) VALUES (110, 9, 'ST', 'Ramos', 2, 0, 2, 1, 0, 0);
INSERT INTO `footy_db`.`Players` (`idPlayers`, `idTeams`, `Pos`, `Name`, `App`, `GS`, `Assists`, `CS`, `YC`, `RC`) VALUES (111, 9, 'ST', 'Aubamayang', 3, 0, 2, 0, 0, 0);
INSERT INTO `footy_db`.`Players` (`idPlayers`, `idTeams`, `Pos`, `Name`, `App`, `GS`, `Assists`, `CS`, `YC`, `RC`) VALUES (112, 9, 'ST', 'Emre Mor', 1, 0, 1, 1, 0, 0);
INSERT INTO `footy_db`.`Players` (`idPlayers`, `idTeams`, `Pos`, `Name`, `App`, `GS`, `Assists`, `CS`, `YC`, `RC`) VALUES (113, 9, 'RM', 'Dembele', 6, 2, 3, 3, 0, 0);
INSERT INTO `footy_db`.`Players` (`idPlayers`, `idTeams`, `Pos`, `Name`, `App`, `GS`, `Assists`, `CS`, `YC`, `RC`) VALUES (114, 9, 'LM', 'Marco Reus', 6, 5, 0, 3, 0, 0);
INSERT INTO `footy_db`.`Players` (`idPlayers`, `idTeams`, `Pos`, `Name`, `App`, `GS`, `Assists`, `CS`, `YC`, `RC`) VALUES (115, 9, 'LM', 'Schurrle', 1, 0, 0, 0, 0, 0);
INSERT INTO `footy_db`.`Players` (`idPlayers`, `idTeams`, `Pos`, `Name`, `App`, `GS`, `Assists`, `CS`, `YC`, `RC`) VALUES (116, 9, 'CM', 'Castro', 6, 2, 1, 3, 0, 0);
INSERT INTO `footy_db`.`Players` (`idPlayers`, `idTeams`, `Pos`, `Name`, `App`, `GS`, `Assists`, `CS`, `YC`, `RC`) VALUES (117, 9, 'CDM', 'Sahin', 1, 0, 0, 0, 0, 0);
INSERT INTO `footy_db`.`Players` (`idPlayers`, `idTeams`, `Pos`, `Name`, `App`, `GS`, `Assists`, `CS`, `YC`, `RC`) VALUES (118, 9, 'CAM ', 'Kagawa', 4, 1, 0, 0, 0, 0);
INSERT INTO `footy_db`.`Players` (`idPlayers`, `idTeams`, `Pos`, `Name`, `App`, `GS`, `Assists`, `CS`, `YC`, `RC`) VALUES (119, 9, 'CDM', 'Rode', 5, 0, 2, 3, 0, 0);
INSERT INTO `footy_db`.`Players` (`idPlayers`, `idTeams`, `Pos`, `Name`, `App`, `GS`, `Assists`, `CS`, `YC`, `RC`) VALUES (120, 9, 'CAM', 'Gotze', 5, 5, 3, 3, 0, 0);
INSERT INTO `footy_db`.`Players` (`idPlayers`, `idTeams`, `Pos`, `Name`, `App`, `GS`, `Assists`, `CS`, `YC`, `RC`) VALUES (121, 9, 'RB', 'Piszczek', 6, 1, 0, 3, 0, 0);
INSERT INTO `footy_db`.`Players` (`idPlayers`, `idTeams`, `Pos`, `Name`, `App`, `GS`, `Assists`, `CS`, `YC`, `RC`) VALUES (122, 9, 'LB', 'Schmelzer', 6, 0, 0, 3, 0, 0);
INSERT INTO `footy_db`.`Players` (`idPlayers`, `idTeams`, `Pos`, `Name`, `App`, `GS`, `Assists`, `CS`, `YC`, `RC`) VALUES (123, 9, 'CB', 'Sokratis', 6, 0, 0, 3, 0, 0);
INSERT INTO `footy_db`.`Players` (`idPlayers`, `idTeams`, `Pos`, `Name`, `App`, `GS`, `Assists`, `CS`, `YC`, `RC`) VALUES (124, 9, 'CB', 'Sven Bender', 1, 0, 0, 0, 0, 0);
INSERT INTO `footy_db`.`Players` (`idPlayers`, `idTeams`, `Pos`, `Name`, `App`, `GS`, `Assists`, `CS`, `YC`, `RC`) VALUES (125, 9, 'CB', 'Barta', 6, 0, 0, 3, 0, 0);
INSERT INTO `footy_db`.`Players` (`idPlayers`, `idTeams`, `Pos`, `Name`, `App`, `GS`, `Assists`, `CS`, `YC`, `RC`) VALUES (126, 10, 'GK', 'Brad Jones', 4, 0, 0, 2, 0, 0);
INSERT INTO `footy_db`.`Players` (`idPlayers`, `idTeams`, `Pos`, `Name`, `App`, `GS`, `Assists`, `CS`, `YC`, `RC`) VALUES (127, 10, 'GK', 'Vermeer', 1, 0, 0, 0, 0, 0);
INSERT INTO `footy_db`.`Players` (`idPlayers`, `idTeams`, `Pos`, `Name`, `App`, `GS`, `Assists`, `CS`, `YC`, `RC`) VALUES (128, 10, 'ST', 'Kramer', 1, 0, 0, 0, 0, 0);
INSERT INTO `footy_db`.`Players` (`idPlayers`, `idTeams`, `Pos`, `Name`, `App`, `GS`, `Assists`, `CS`, `YC`, `RC`) VALUES (129, 10, 'ST', 'Jorgusen', 5, 2, 1, 2, 0, 0);
INSERT INTO `footy_db`.`Players` (`idPlayers`, `idTeams`, `Pos`, `Name`, `App`, `GS`, `Assists`, `CS`, `YC`, `RC`) VALUES (130, 10, 'RW', 'Toornstra', 4, 0, 1, 1, 0, 0);
INSERT INTO `footy_db`.`Players` (`idPlayers`, `idTeams`, `Pos`, `Name`, `App`, `GS`, `Assists`, `CS`, `YC`, `RC`) VALUES (131, 10, 'RW', 'Basacihoglu', 2, 0, 0, 0, 0, 0);
INSERT INTO `footy_db`.`Players` (`idPlayers`, `idTeams`, `Pos`, `Name`, `App`, `GS`, `Assists`, `CS`, `YC`, `RC`) VALUES (132, 10, 'LW', 'Elia', 5, 1, 2, 2, 0, 0);
INSERT INTO `footy_db`.`Players` (`idPlayers`, `idTeams`, `Pos`, `Name`, `App`, `GS`, `Assists`, `CS`, `YC`, `RC`) VALUES (133, 10, 'CM', 'El Ahmadi', 5, 0, 0, 2, 0, 0);
INSERT INTO `footy_db`.`Players` (`idPlayers`, `idTeams`, `Pos`, `Name`, `App`, `GS`, `Assists`, `CS`, `YC`, `RC`) VALUES (134, 10, 'CM', 'Vilhena', 5, 3, 2, 2, 0, 0);
INSERT INTO `footy_db`.`Players` (`idPlayers`, `idTeams`, `Pos`, `Name`, `App`, `GS`, `Assists`, `CS`, `YC`, `RC`) VALUES (135, 10, 'CAM', 'Kuyt', 5, 5, 1, 2, 0, 0);
INSERT INTO `footy_db`.`Players` (`idPlayers`, `idTeams`, `Pos`, `Name`, `App`, `GS`, `Assists`, `CS`, `YC`, `RC`) VALUES (136, 10, 'RB', 'Karsdorp', 3, 0, 0, 1, 0, 1);
INSERT INTO `footy_db`.`Players` (`idPlayers`, `idTeams`, `Pos`, `Name`, `App`, `GS`, `Assists`, `CS`, `YC`, `RC`) VALUES (137, 10, 'RB', 'Nieuwkoop', 2, 0, 0, 1, 0, 0);
INSERT INTO `footy_db`.`Players` (`idPlayers`, `idTeams`, `Pos`, `Name`, `App`, `GS`, `Assists`, `CS`, `YC`, `RC`) VALUES (138, 10, 'LB', 'Kongolo', 5, 0, 0, 2, 0, 1);
INSERT INTO `footy_db`.`Players` (`idPlayers`, `idTeams`, `Pos`, `Name`, `App`, `GS`, `Assists`, `CS`, `YC`, `RC`) VALUES (139, 10, 'LB', 'Woudenberg', 5, 0, 0, 2, 0, 0);
INSERT INTO `footy_db`.`Players` (`idPlayers`, `idTeams`, `Pos`, `Name`, `App`, `GS`, `Assists`, `CS`, `YC`, `RC`) VALUES (140, 10, 'CB', 'Heijden', 1, 0, 0, 0, 0, 0);
INSERT INTO `footy_db`.`Players` (`idPlayers`, `idTeams`, `Pos`, `Name`, `App`, `GS`, `Assists`, `CS`, `YC`, `RC`) VALUES (141, 10, 'CB', 'Botteghin', 2, 0, 0, 1, 0, 0);
INSERT INTO `footy_db`.`Players` (`idPlayers`, `idTeams`, `Pos`, `Name`, `App`, `GS`, `Assists`, `CS`, `YC`, `RC`) VALUES (142, 10, 'CB', 'van Beek', 3, 0, 0, 1, 0, 0);
INSERT INTO `footy_db`.`Players` (`idPlayers`, `idTeams`, `Pos`, `Name`, `App`, `GS`, `Assists`, `CS`, `YC`, `RC`) VALUES (143, 10, 'CB', 'Dammers', 1, 0, 0, 0, 0, 0);
INSERT INTO `footy_db`.`Players` (`idPlayers`, `idTeams`, `Pos`, `Name`, `App`, `GS`, `Assists`, `CS`, `YC`, `RC`) VALUES (144, 11, 'GK', 'Neuer', 3, 0, 0, 1, 0, 0);
INSERT INTO `footy_db`.`Players` (`idPlayers`, `idTeams`, `Pos`, `Name`, `App`, `GS`, `Assists`, `CS`, `YC`, `RC`) VALUES (145, 11, 'ST', 'Lewandowski', 3, 1, 0, 1, 0, 0);
INSERT INTO `footy_db`.`Players` (`idPlayers`, `idTeams`, `Pos`, `Name`, `App`, `GS`, `Assists`, `CS`, `YC`, `RC`) VALUES (146, 11, 'CF', 'Muller', 2, 0, 0, 0, 0, 0);
INSERT INTO `footy_db`.`Players` (`idPlayers`, `idTeams`, `Pos`, `Name`, `App`, `GS`, `Assists`, `CS`, `YC`, `RC`) VALUES (147, 11, 'RM', 'Robben', 2, 1, 0, 1, 0, 0);
INSERT INTO `footy_db`.`Players` (`idPlayers`, `idTeams`, `Pos`, `Name`, `App`, `GS`, `Assists`, `CS`, `YC`, `RC`) VALUES (148, 11, 'LM', 'Ribery', 3, 0, 2, 1, 0, 0);
INSERT INTO `footy_db`.`Players` (`idPlayers`, `idTeams`, `Pos`, `Name`, `App`, `GS`, `Assists`, `CS`, `YC`, `RC`) VALUES (149, 11, 'LM', 'Costa', 2, 0, 1, 1, 0, 0);
INSERT INTO `footy_db`.`Players` (`idPlayers`, `idTeams`, `Pos`, `Name`, `App`, `GS`, `Assists`, `CS`, `YC`, `RC`) VALUES (150, 11, 'CM', 'Vidal', 3, 1, 0, 1, 0, 0);
INSERT INTO `footy_db`.`Players` (`idPlayers`, `idTeams`, `Pos`, `Name`, `App`, `GS`, `Assists`, `CS`, `YC`, `RC`) VALUES (151, 11, 'CM', 'Thiago', 3, 0, 0, 1, 0, 0);
INSERT INTO `footy_db`.`Players` (`idPlayers`, `idTeams`, `Pos`, `Name`, `App`, `GS`, `Assists`, `CS`, `YC`, `RC`) VALUES (152, 11, 'CDM', 'Xabi Alonso', 2, 0, 0, 0, 0, 0);
INSERT INTO `footy_db`.`Players` (`idPlayers`, `idTeams`, `Pos`, `Name`, `App`, `GS`, `Assists`, `CS`, `YC`, `RC`) VALUES (153, 11, 'RB', 'Phillip Lahm', 3, 0, 0, 1, 1, 0);
INSERT INTO `footy_db`.`Players` (`idPlayers`, `idTeams`, `Pos`, `Name`, `App`, `GS`, `Assists`, `CS`, `YC`, `RC`) VALUES (154, 11, 'LB', 'Alaba', 2, 0, 0, 1, 0, 0);
INSERT INTO `footy_db`.`Players` (`idPlayers`, `idTeams`, `Pos`, `Name`, `App`, `GS`, `Assists`, `CS`, `YC`, `RC`) VALUES (155, 11, 'LB', 'Bernat', 1, 0, 0, 0, 0, 0);
INSERT INTO `footy_db`.`Players` (`idPlayers`, `idTeams`, `Pos`, `Name`, `App`, `GS`, `Assists`, `CS`, `YC`, `RC`) VALUES (156, 11, 'CB', 'Mats Hummels', 3, 0, 0, 1, 0, 0);
INSERT INTO `footy_db`.`Players` (`idPlayers`, `idTeams`, `Pos`, `Name`, `App`, `GS`, `Assists`, `CS`, `YC`, `RC`) VALUES (157, 11, 'CB', 'Boateng', 3, 0, 0, 1, 0, 0);
INSERT INTO `footy_db`.`Players` (`idPlayers`, `idTeams`, `Pos`, `Name`, `App`, `GS`, `Assists`, `CS`, `YC`, `RC`) VALUES (158, 12, 'GK', 'Donnarumma', 3, 0, 0, 0, 0, 0);
INSERT INTO `footy_db`.`Players` (`idPlayers`, `idTeams`, `Pos`, `Name`, `App`, `GS`, `Assists`, `CS`, `YC`, `RC`) VALUES (159, 12, 'ST', 'Niang', 3, 0, 0, 0, 0, 0);
INSERT INTO `footy_db`.`Players` (`idPlayers`, `idTeams`, `Pos`, `Name`, `App`, `GS`, `Assists`, `CS`, `YC`, `RC`) VALUES (160, 12, 'ST', 'Bacca', 2, 1, 1, 0, 0, 1);
INSERT INTO `footy_db`.`Players` (`idPlayers`, `idTeams`, `Pos`, `Name`, `App`, `GS`, `Assists`, `CS`, `YC`, `RC`) VALUES (161, 12, 'ST', 'Lapadula', 1, 0, 0, 0, 0, 0);
INSERT INTO `footy_db`.`Players` (`idPlayers`, `idTeams`, `Pos`, `Name`, `App`, `GS`, `Assists`, `CS`, `YC`, `RC`) VALUES (162, 12, 'RM', 'Honda', 3, 0, 0, 0, 0, 0);
INSERT INTO `footy_db`.`Players` (`idPlayers`, `idTeams`, `Pos`, `Name`, `App`, `GS`, `Assists`, `CS`, `YC`, `RC`) VALUES (163, 12, 'LM', 'Bonaventura', 3, 1, 0, 0, 0, 0);
INSERT INTO `footy_db`.`Players` (`idPlayers`, `idTeams`, `Pos`, `Name`, `App`, `GS`, `Assists`, `CS`, `YC`, `RC`) VALUES (164, 12, 'CM', 'Kucha', 2, 1, 0, 0, 0, 0);
INSERT INTO `footy_db`.`Players` (`idPlayers`, `idTeams`, `Pos`, `Name`, `App`, `GS`, `Assists`, `CS`, `YC`, `RC`) VALUES (165, 12, 'CDM', 'Montolivo', 3, 0, 0, 0, 0, 0);
INSERT INTO `footy_db`.`Players` (`idPlayers`, `idTeams`, `Pos`, `Name`, `App`, `GS`, `Assists`, `CS`, `YC`, `RC`) VALUES (166, 12, 'CAM', 'Sosa', 2, 0, 0, 0, 0, 0);
INSERT INTO `footy_db`.`Players` (`idPlayers`, `idTeams`, `Pos`, `Name`, `App`, `GS`, `Assists`, `CS`, `YC`, `RC`) VALUES (167, 12, 'RB', 'Abate', 3, 0, 0, 0, 0, 0);
INSERT INTO `footy_db`.`Players` (`idPlayers`, `idTeams`, `Pos`, `Name`, `App`, `GS`, `Assists`, `CS`, `YC`, `RC`) VALUES (168, 12, 'LB', 'Vangioni', 3, 0, 0, 0, 0, 0);
INSERT INTO `footy_db`.`Players` (`idPlayers`, `idTeams`, `Pos`, `Name`, `App`, `GS`, `Assists`, `CS`, `YC`, `RC`) VALUES (169, 12, 'CB', 'Paletta', 3, 0, 0, 0, 0, 0);
INSERT INTO `footy_db`.`Players` (`idPlayers`, `idTeams`, `Pos`, `Name`, `App`, `GS`, `Assists`, `CS`, `YC`, `RC`) VALUES (170, 12, 'CB', 'Romagnoli', 3, 0, 0, 0, 0, 0);
INSERT INTO `footy_db`.`Players` (`idPlayers`, `idTeams`, `Pos`, `Name`, `App`, `GS`, `Assists`, `CS`, `YC`, `RC`) VALUES (171, 13, 'GK', 'Petr Cech', 4, 0, 0, 1, 0, 0);
INSERT INTO `footy_db`.`Players` (`idPlayers`, `idTeams`, `Pos`, `Name`, `App`, `GS`, `Assists`, `CS`, `YC`, `RC`) VALUES (172, 13, 'ST', 'Welbz', 1, 0, 0, 0, 0, 0);
INSERT INTO `footy_db`.`Players` (`idPlayers`, `idTeams`, `Pos`, `Name`, `App`, `GS`, `Assists`, `CS`, `YC`, `RC`) VALUES (173, 13, 'ST', 'Oli Giroud', 2, 2, 1, 1, 0, 0);
INSERT INTO `footy_db`.`Players` (`idPlayers`, `idTeams`, `Pos`, `Name`, `App`, `GS`, `Assists`, `CS`, `YC`, `RC`) VALUES (174, 13, 'LW', 'Alexis Sanchez', 4, 2, 2, 1, 0, 0);
INSERT INTO `footy_db`.`Players` (`idPlayers`, `idTeams`, `Pos`, `Name`, `App`, `GS`, `Assists`, `CS`, `YC`, `RC`) VALUES (175, 13, 'LM', 'Theo Walcott', 3, 2, 0, 0, 0, 0);
INSERT INTO `footy_db`.`Players` (`idPlayers`, `idTeams`, `Pos`, `Name`, `App`, `GS`, `Assists`, `CS`, `YC`, `RC`) VALUES (176, 13, 'CM', 'Aaron Ramsey', 2, 1, 0, 1, 0, 0);
INSERT INTO `footy_db`.`Players` (`idPlayers`, `idTeams`, `Pos`, `Name`, `App`, `GS`, `Assists`, `CS`, `YC`, `RC`) VALUES (177, 13, 'CM', 'Jacky Boi', 1, 0, 0, 0, 0, 0);
INSERT INTO `footy_db`.`Players` (`idPlayers`, `idTeams`, `Pos`, `Name`, `App`, `GS`, `Assists`, `CS`, `YC`, `RC`) VALUES (178, 13, 'CM', 'Xhaka', 3, 0, 2, 1, 0, 0);
INSERT INTO `footy_db`.`Players` (`idPlayers`, `idTeams`, `Pos`, `Name`, `App`, `GS`, `Assists`, `CS`, `YC`, `RC`) VALUES (179, 13, 'CAM', 'Santi Carzorla', 4, 1, 0, 1, 0, 0);
INSERT INTO `footy_db`.`Players` (`idPlayers`, `idTeams`, `Pos`, `Name`, `App`, `GS`, `Assists`, `CS`, `YC`, `RC`) VALUES (180, 13, 'CAM', 'Mesut Ozil', 4, 1, 1, 1, 0, 0);
INSERT INTO `footy_db`.`Players` (`idPlayers`, `idTeams`, `Pos`, `Name`, `App`, `GS`, `Assists`, `CS`, `YC`, `RC`) VALUES (181, 13, 'RB', 'Hector Bellerin', 4, 0, 1, 1, 0, 0);
INSERT INTO `footy_db`.`Players` (`idPlayers`, `idTeams`, `Pos`, `Name`, `App`, `GS`, `Assists`, `CS`, `YC`, `RC`) VALUES (182, 13, 'LB', 'Nacho Monreal', 2, 0, 0, 1, 0, 0);
INSERT INTO `footy_db`.`Players` (`idPlayers`, `idTeams`, `Pos`, `Name`, `App`, `GS`, `Assists`, `CS`, `YC`, `RC`) VALUES (183, 13, 'LB', 'Kieran Gibbs', 2, 0, 0, 0, 0, 0);
INSERT INTO `footy_db`.`Players` (`idPlayers`, `idTeams`, `Pos`, `Name`, `App`, `GS`, `Assists`, `CS`, `YC`, `RC`) VALUES (184, 13, 'CB', 'Per Mertesacker', 2, 0, 0, 0, 0, 0);
INSERT INTO `footy_db`.`Players` (`idPlayers`, `idTeams`, `Pos`, `Name`, `App`, `GS`, `Assists`, `CS`, `YC`, `RC`) VALUES (185, 13, 'CB', 'Laurent Koscielny', 4, 0, 0, 1, 0, 0);
INSERT INTO `footy_db`.`Players` (`idPlayers`, `idTeams`, `Pos`, `Name`, `App`, `GS`, `Assists`, `CS`, `YC`, `RC`) VALUES (186, 13, 'CB', 'Rob Holding', 2, 0, 0, 1, 0, 0);
INSERT INTO `footy_db`.`Players` (`idPlayers`, `idTeams`, `Pos`, `Name`, `App`, `GS`, `Assists`, `CS`, `YC`, `RC`) VALUES (187, 14, 'GK', 'Subasic', 5, 0, 0, 0, 0, 0);
INSERT INTO `footy_db`.`Players` (`idPlayers`, `idTeams`, `Pos`, `Name`, `App`, `GS`, `Assists`, `CS`, `YC`, `RC`) VALUES (188, 14, 'ST', 'Falcao', 5, 2, 1, 0, 0, 0);
INSERT INTO `footy_db`.`Players` (`idPlayers`, `idTeams`, `Pos`, `Name`, `App`, `GS`, `Assists`, `CS`, `YC`, `RC`) VALUES (189, 14, 'ST', 'Germain', 5, 6, 2, 0, 0, 0);
INSERT INTO `footy_db`.`Players` (`idPlayers`, `idTeams`, `Pos`, `Name`, `App`, `GS`, `Assists`, `CS`, `YC`, `RC`) VALUES (190, 14, 'RM', 'Dirar', 3, 0, 2, 0, 0, 0);
INSERT INTO `footy_db`.`Players` (`idPlayers`, `idTeams`, `Pos`, `Name`, `App`, `GS`, `Assists`, `CS`, `YC`, `RC`) VALUES (191, 14, 'RM', 'Lemar', 5, 1, 0, 0, 0, 0);
INSERT INTO `footy_db`.`Players` (`idPlayers`, `idTeams`, `Pos`, `Name`, `App`, `GS`, `Assists`, `CS`, `YC`, `RC`) VALUES (192, 14, 'RM', 'Bernard Silva', 3, 0, 1, 0, 0, 1);
INSERT INTO `footy_db`.`Players` (`idPlayers`, `idTeams`, `Pos`, `Name`, `App`, `GS`, `Assists`, `CS`, `YC`, `RC`) VALUES (193, 14, 'CAM', 'Joao Moutinho', 5, 1, 0, 0, 2, 1);
INSERT INTO `footy_db`.`Players` (`idPlayers`, `idTeams`, `Pos`, `Name`, `App`, `GS`, `Assists`, `CS`, `YC`, `RC`) VALUES (194, 14, 'RB', 'Toure', 1, 0, 0, 0, 0, 0);
INSERT INTO `footy_db`.`Players` (`idPlayers`, `idTeams`, `Pos`, `Name`, `App`, `GS`, `Assists`, `CS`, `YC`, `RC`) VALUES (195, 14, 'LB', 'Sidiba', 3, 0, 0, 1, 1, 0);
INSERT INTO `footy_db`.`Players` (`idPlayers`, `idTeams`, `Pos`, `Name`, `App`, `GS`, `Assists`, `CS`, `YC`, `RC`) VALUES (196, 14, 'LB', 'Mendy', 5, 0, 0, 0, 0, 0);
INSERT INTO `footy_db`.`Players` (`idPlayers`, `idTeams`, `Pos`, `Name`, `App`, `GS`, `Assists`, `CS`, `YC`, `RC`) VALUES (197, 14, 'CB', 'Andrea Raggi', 3, 0, 1, 0, 0, 0);
INSERT INTO `footy_db`.`Players` (`idPlayers`, `idTeams`, `Pos`, `Name`, `App`, `GS`, `Assists`, `CS`, `YC`, `RC`) VALUES (198, 14, 'CB', 'Kamil Raggi', 3, 0, 1, 0, 0, 0);
INSERT INTO `footy_db`.`Players` (`idPlayers`, `idTeams`, `Pos`, `Name`, `App`, `GS`, `Assists`, `CS`, `YC`, `RC`) VALUES (199, 14, 'CB', 'Jemerson', 3, 0, 0, 0, 0, 2);
INSERT INTO `footy_db`.`Players` (`idPlayers`, `idTeams`, `Pos`, `Name`, `App`, `GS`, `Assists`, `CS`, `YC`, `RC`) VALUES (200, 14, 'CB', 'Tisserand', 3, 0, 0, 0, 2, 1);
INSERT INTO `footy_db`.`Players` (`idPlayers`, `idTeams`, `Pos`, `Name`, `App`, `GS`, `Assists`, `CS`, `YC`, `RC`) VALUES (201, 14, 'CB', 'Doram', 1, 0, 0, 0, 0, 0);
INSERT INTO `footy_db`.`Players` (`idPlayers`, `idTeams`, `Pos`, `Name`, `App`, `GS`, `Assists`, `CS`, `YC`, `RC`) VALUES (202, 15, 'GK', 'Julio Cesar', 3, 0, 0, 1, 0, 0);
INSERT INTO `footy_db`.`Players` (`idPlayers`, `idTeams`, `Pos`, `Name`, `App`, `GS`, `Assists`, `CS`, `YC`, `RC`) VALUES (203, 15, 'ST', 'Jonas', 3, 0, 0, 1, 2, 0);
INSERT INTO `footy_db`.`Players` (`idPlayers`, `idTeams`, `Pos`, `Name`, `App`, `GS`, `Assists`, `CS`, `YC`, `RC`) VALUES (204, 15, 'ST', 'Mitroglou', 3, 0, 0, 1, 0, 0);
INSERT INTO `footy_db`.`Players` (`idPlayers`, `idTeams`, `Pos`, `Name`, `App`, `GS`, `Assists`, `CS`, `YC`, `RC`) VALUES (205, 15, 'RM', 'Salvio', 1, 0, 0, 0, 0, 0);
INSERT INTO `footy_db`.`Players` (`idPlayers`, `idTeams`, `Pos`, `Name`, `App`, `GS`, `Assists`, `CS`, `YC`, `RC`) VALUES (206, 15, 'RM', 'Pizzi', 3, 1, 0, 1, 0, 0);
INSERT INTO `footy_db`.`Players` (`idPlayers`, `idTeams`, `Pos`, `Name`, `App`, `GS`, `Assists`, `CS`, `YC`, `RC`) VALUES (207, 15, 'LM', 'Cervi', 2, 0, 0, 1, 0, 0);
INSERT INTO `footy_db`.`Players` (`idPlayers`, `idTeams`, `Pos`, `Name`, `App`, `GS`, `Assists`, `CS`, `YC`, `RC`) VALUES (208, 15, 'CM', 'Danilo', 2, 0, 0, 0, 0, 0);
INSERT INTO `footy_db`.`Players` (`idPlayers`, `idTeams`, `Pos`, `Name`, `App`, `GS`, `Assists`, `CS`, `YC`, `RC`) VALUES (209, 15, 'CM', 'Horta', 1, 0, 0, 0, 0, 1);
INSERT INTO `footy_db`.`Players` (`idPlayers`, `idTeams`, `Pos`, `Name`, `App`, `GS`, `Assists`, `CS`, `YC`, `RC`) VALUES (210, 15, 'CDM', 'Fejsa', 3, 0, 0, 1, 0, 0);
INSERT INTO `footy_db`.`Players` (`idPlayers`, `idTeams`, `Pos`, `Name`, `App`, `GS`, `Assists`, `CS`, `YC`, `RC`) VALUES (211, 15, 'RB', 'Almeida', 2, 0, 0, 1, 0, 0);
INSERT INTO `footy_db`.`Players` (`idPlayers`, `idTeams`, `Pos`, `Name`, `App`, `GS`, `Assists`, `CS`, `YC`, `RC`) VALUES (212, 15, 'RB', 'Semedo', 1, 0, 0, 0, 0, 1);
INSERT INTO `footy_db`.`Players` (`idPlayers`, `idTeams`, `Pos`, `Name`, `App`, `GS`, `Assists`, `CS`, `YC`, `RC`) VALUES (213, 15, 'LB', 'Eliseu', 1, 0, 0, 0, 0, 0);
INSERT INTO `footy_db`.`Players` (`idPlayers`, `idTeams`, `Pos`, `Name`, `App`, `GS`, `Assists`, `CS`, `YC`, `RC`) VALUES (214, 15, 'LB', 'Grimaldo', 2, 0, 0, 1, 0, 0);
INSERT INTO `footy_db`.`Players` (`idPlayers`, `idTeams`, `Pos`, `Name`, `App`, `GS`, `Assists`, `CS`, `YC`, `RC`) VALUES (215, 15, 'CB', 'Jardel', 3, 0, 0, 1, 0, 0);
INSERT INTO `footy_db`.`Players` (`idPlayers`, `idTeams`, `Pos`, `Name`, `App`, `GS`, `Assists`, `CS`, `YC`, `RC`) VALUES (216, 15, 'CB', 'Lisandro Lopez', 1, 0, 0, 0, 0, 0);
INSERT INTO `footy_db`.`Players` (`idPlayers`, `idTeams`, `Pos`, `Name`, `App`, `GS`, `Assists`, `CS`, `YC`, `RC`) VALUES (217, 15, 'CB', 'Lindelof', 2, 0, 0, 1, 0, 0);
INSERT INTO `footy_db`.`Players` (`idPlayers`, `idTeams`, `Pos`, `Name`, `App`, `GS`, `Assists`, `CS`, `YC`, `RC`) VALUES (218, 16, 'GK', 'Tim Howard', 3, 0, 0, 1, 0, 0);
INSERT INTO `footy_db`.`Players` (`idPlayers`, `idTeams`, `Pos`, `Name`, `App`, `GS`, `Assists`, `CS`, `YC`, `RC`) VALUES (219, 16, 'ST', 'Kevin Doyle', 3, 0, 0, 1, 0, 0);
INSERT INTO `footy_db`.`Players` (`idPlayers`, `idTeams`, `Pos`, `Name`, `App`, `GS`, `Assists`, `CS`, `YC`, `RC`) VALUES (220, 16, 'RW', 'Le Toux', 3, 0, 0, 1, 1, 0);
INSERT INTO `footy_db`.`Players` (`idPlayers`, `idTeams`, `Pos`, `Name`, `App`, `GS`, `Assists`, `CS`, `YC`, `RC`) VALUES (221, 16, 'RM', 'Hairston', 3, 0, 0, 1, 0, 0);
INSERT INTO `footy_db`.`Players` (`idPlayers`, `idTeams`, `Pos`, `Name`, `App`, `GS`, `Assists`, `CS`, `YC`, `RC`) VALUES (222, 16, 'LM', 'Gashi', 3, 0, 0, 1, 0, 0);
INSERT INTO `footy_db`.`Players` (`idPlayers`, `idTeams`, `Pos`, `Name`, `App`, `GS`, `Assists`, `CS`, `YC`, `RC`) VALUES (223, 16, 'LM', 'Marco Pappa', 1, 1, 0, 0, 0, 0);
INSERT INTO `footy_db`.`Players` (`idPlayers`, `idTeams`, `Pos`, `Name`, `App`, `GS`, `Assists`, `CS`, `YC`, `RC`) VALUES (224, 16, 'CDM', 'Sam Cronin', 2, 0, 0, 1, 0, 0);
INSERT INTO `footy_db`.`Players` (`idPlayers`, `idTeams`, `Pos`, `Name`, `App`, `GS`, `Assists`, `CS`, `YC`, `RC`) VALUES (225, 16, 'CDM', 'Azira', 3, 0, 0, 1, 1, 0);
INSERT INTO `footy_db`.`Players` (`idPlayers`, `idTeams`, `Pos`, `Name`, `App`, `GS`, `Assists`, `CS`, `YC`, `RC`) VALUES (226, 16, 'CAM', 'Jones', 3, 0, 0, 1, 1, 0);
INSERT INTO `footy_db`.`Players` (`idPlayers`, `idTeams`, `Pos`, `Name`, `App`, `GS`, `Assists`, `CS`, `YC`, `RC`) VALUES (227, 16, 'CAM', 'Dillon Powers', 1, 0, 0, 0, 0, 0);
INSERT INTO `footy_db`.`Players` (`idPlayers`, `idTeams`, `Pos`, `Name`, `App`, `GS`, `Assists`, `CS`, `YC`, `RC`) VALUES (228, 16, 'RB', 'Williams', 3, 0, 0, 1, 1, 0);
INSERT INTO `footy_db`.`Players` (`idPlayers`, `idTeams`, `Pos`, `Name`, `App`, `GS`, `Assists`, `CS`, `YC`, `RC`) VALUES (229, 16, 'CB', 'Burling', 3, 0, 0, 1, 0, 0);
INSERT INTO `footy_db`.`Players` (`idPlayers`, `idTeams`, `Pos`, `Name`, `App`, `GS`, `Assists`, `CS`, `YC`, `RC`) VALUES (230, 16, 'CB', 'Sjoberg', 3, 0, 0, 1, 0, 0);

COMMIT;


-- -----------------------------------------------------
-- Data for table `footy_db`.`Season`
-- -----------------------------------------------------
START TRANSACTION;
USE `footy_db`;
INSERT INTO `footy_db`.`Season` (`idUnique`, `idSeason`, `Date`, `Team_1`, `Team_2`, `Score`, `Winner`, `Groups`) VALUES (1, 1, '2017-03-28', 'Chelsea', 'Ajax', '1-0', 'Chelsea', 1);
INSERT INTO `footy_db`.`Season` (`idUnique`, `idSeason`, `Date`, `Team_1`, `Team_2`, `Score`, `Winner`, `Groups`) VALUES (2, 1, '2017-03-29', 'Colorado Rapids', 'Arsenal', '0-2', 'Arsenal', 3);
INSERT INTO `footy_db`.`Season` (`idUnique`, `idSeason`, `Date`, `Team_1`, `Team_2`, `Score`, `Winner`, `Groups`) VALUES (3, 1, '2017-03-30', 'Borussa Dortmund', 'Bayern Munich', '0-2', 'Bayern Munich', 2);
INSERT INTO `footy_db`.`Season` (`idUnique`, `idSeason`, `Date`, `Team_1`, `Team_2`, `Score`, `Winner`, `Groups`) VALUES (4, 1, '2017-03-31', 'Barcelona', 'LA Galaxy', '0-1', 'LA Galaxy', 0);
INSERT INTO `footy_db`.`Season` (`idUnique`, `idSeason`, `Date`, `Team_1`, `Team_2`, `Score`, `Winner`, `Groups`) VALUES (5, 1, '2017-04-01', 'PSG', 'Porto', '1-3', 'Porto', 0);
INSERT INTO `footy_db`.`Season` (`idUnique`, `idSeason`, `Date`, `Team_1`, `Team_2`, `Score`, `Winner`, `Groups`) VALUES (6, 1, '2017-04-02', 'Real Madrid', 'Juventus', '2-3', 'Juventus', 1);
INSERT INTO `footy_db`.`Season` (`idUnique`, `idSeason`, `Date`, `Team_1`, `Team_2`, `Score`, `Winner`, `Groups`) VALUES (7, 1, '2017-04-03', 'Benefica', 'AS Monaco', '1-2', 'AS Monaco', 3);
INSERT INTO `footy_db`.`Season` (`idUnique`, `idSeason`, `Date`, `Team_1`, `Team_2`, `Score`, `Winner`, `Groups`) VALUES (8, 1, '2017-04-04', 'Barcelona', 'PSG', '3-1', 'Barcelona', 0);
INSERT INTO `footy_db`.`Season` (`idUnique`, `idSeason`, `Date`, `Team_1`, `Team_2`, `Score`, `Winner`, `Groups`) VALUES (9, 1, '2017-04-05', 'Feyenoord', 'Bayern Munich', '4-0', 'Feyenoord', 2);
INSERT INTO `footy_db`.`Season` (`idUnique`, `idSeason`, `Date`, `Team_1`, `Team_2`, `Score`, `Winner`, `Groups`) VALUES (10, 1, '2017-04-06', 'Arsenal', 'AS Monaco', '5-1', 'Arsenal', 3);
INSERT INTO `footy_db`.`Season` (`idUnique`, `idSeason`, `Date`, `Team_1`, `Team_2`, `Score`, `Winner`, `Groups`) VALUES (11, 1, '2017-04-07', 'Colorado Rapids', 'Benefica', '0-0', 'Draw', 3);
INSERT INTO `footy_db`.`Season` (`idUnique`, `idSeason`, `Date`, `Team_1`, `Team_2`, `Score`, `Winner`, `Groups`) VALUES (12, 1, '2017-04-08', 'Juventus', 'Ajax', '1-3', 'Ajax', 1);
INSERT INTO `footy_db`.`Season` (`idUnique`, `idSeason`, `Date`, `Team_1`, `Team_2`, `Score`, `Winner`, `Groups`) VALUES (13, 1, '2017-04-09', 'LA Galaxy', 'Porto', '1-3', 'Porto', 0);
INSERT INTO `footy_db`.`Season` (`idUnique`, `idSeason`, `Date`, `Team_1`, `Team_2`, `Score`, `Winner`, `Groups`) VALUES (14, 1, '2017-04-10', 'AC Milan', 'Borussa Dortmund', '0-5', 'Borussa Dortmund', 2);
INSERT INTO `footy_db`.`Season` (`idUnique`, `idSeason`, `Date`, `Team_1`, `Team_2`, `Score`, `Winner`, `Groups`) VALUES (15, 1, '2017-04-11', 'Real Madrid', 'Chelsea', '2-0', 'Real Madrid', 1);
INSERT INTO `footy_db`.`Season` (`idUnique`, `idSeason`, `Date`, `Team_1`, `Team_2`, `Score`, `Winner`, `Groups`) VALUES (16, 1, '2017-04-12', 'AS Monaco', 'Colorado Rapids', '3-1', 'AS Monaco', 3);
INSERT INTO `footy_db`.`Season` (`idUnique`, `idSeason`, `Date`, `Team_1`, `Team_2`, `Score`, `Winner`, `Groups`) VALUES (17, 1, '2017-04-13', 'Bayern Munich', 'AC Milan', '1-2', 'AC Milan', 2);
INSERT INTO `footy_db`.`Season` (`idUnique`, `idSeason`, `Date`, `Team_1`, `Team_2`, `Score`, `Winner`, `Groups`) VALUES (18, 1, '2017-04-14', 'Ajax', 'Real Madrid', '5-3', 'Ajax', 1);
INSERT INTO `footy_db`.`Season` (`idUnique`, `idSeason`, `Date`, `Team_1`, `Team_2`, `Score`, `Winner`, `Groups`) VALUES (19, 1, '2017-04-15', 'Chelsea', 'Juventus', '1-1', 'Draw', 1);
INSERT INTO `footy_db`.`Season` (`idUnique`, `idSeason`, `Date`, `Team_1`, `Team_2`, `Score`, `Winner`, `Groups`) VALUES (20, 1, '2017-04-16', 'Borussa Dortmund', 'Feyenoord', '6-0', 'Borussa Dortmund', 2);
INSERT INTO `footy_db`.`Season` (`idUnique`, `idSeason`, `Date`, `Team_1`, `Team_2`, `Score`, `Winner`, `Groups`) VALUES (21, 1, '2017-04-17', 'Porto', 'Barcelona', '0-3', 'Barcelona', 0);
INSERT INTO `footy_db`.`Season` (`idUnique`, `idSeason`, `Date`, `Team_1`, `Team_2`, `Score`, `Winner`, `Groups`) VALUES (22, 1, '2017-04-18', 'PSG', 'LA Galaxy', '1-0', 'PSG', 0);
INSERT INTO `footy_db`.`Season` (`idUnique`, `idSeason`, `Date`, `Team_1`, `Team_2`, `Score`, `Winner`, `Groups`) VALUES (23, 1, '2017-04-19', 'Benefica', 'Arsenal', '0-1', 'Arsenal', 3);
INSERT INTO `footy_db`.`Season` (`idUnique`, `idSeason`, `Date`, `Team_1`, `Team_2`, `Score`, `Winner`, `Groups`) VALUES (24, 1, '2017-04-20', 'AC Milan', 'Feyenoord', '1-2', 'Feyenoord', 2);
INSERT INTO `footy_db`.`Season` (`idUnique`, `idSeason`, `Date`, `Team_1`, `Team_2`, `Score`, `Winner`, `Groups`) VALUES (25, 1, '2017-04-21', 'Ajax', 'Feyenoord', '0-5', 'Feyenoord', 4);
INSERT INTO `footy_db`.`Season` (`idUnique`, `idSeason`, `Date`, `Team_1`, `Team_2`, `Score`, `Winner`, `Groups`) VALUES (26, 1, '2017-04-22', 'Arsenal', 'Juventus', '2-3', 'Juventus', 4);
INSERT INTO `footy_db`.`Season` (`idUnique`, `idSeason`, `Date`, `Team_1`, `Team_2`, `Score`, `Winner`, `Groups`) VALUES (27, 1, '2017-04-23', 'Barcelona', 'AS Monaco', '2-4', 'AS Monaco', 5);
INSERT INTO `footy_db`.`Season` (`idUnique`, `idSeason`, `Date`, `Team_1`, `Team_2`, `Score`, `Winner`, `Groups`) VALUES (28, 1, '2017-04-24', 'Borussa Dortmund', 'Porto', '5-0', 'Borussa Dortmund', 5);
INSERT INTO `footy_db`.`Season` (`idUnique`, `idSeason`, `Date`, `Team_1`, `Team_2`, `Score`, `Winner`, `Groups`) VALUES (29, 1, '2017-04-25', 'Feyenoord', 'Juventus', '0-2', 'Juventus', 6);
INSERT INTO `footy_db`.`Season` (`idUnique`, `idSeason`, `Date`, `Team_1`, `Team_2`, `Score`, `Winner`, `Groups`) VALUES (30, 1, '2017-04-26', 'AS Monaco', 'Borussa Dortmund', '1-2', 'Borussa Dortmund', 7);
INSERT INTO `footy_db`.`Season` (`idUnique`, `idSeason`, `Date`, `Team_1`, `Team_2`, `Score`, `Winner`, `Groups`) VALUES (31, 1, '2017-04-27', 'Juventus', 'Borussa Dortmund', '1-0', 'Juventus', 8);

COMMIT;

